nome_planeta,categoria_original,categoria_predita,previsao_correta
Kepler-12 b,Não-Terrestre,Não-Terrestre,True
Kepler-1170 b,Não-Terrestre,Não-Terrestre,True
HD 215497 b,Terrestre,Terrestre,True
K2-125 b,Terrestre,Terrestre,True
Kepler-405 c,Não-Terrestre,Não-Terrestre,True
K2-3 b,Terrestre,Terrestre,True
Kepler-1167 b,Não-Terrestre,Não-Terrestre,True
Kepler-1880 b,Não-Terrestre,Não-Terrestre,True
Kepler-1404 b,Não-Terrestre,Não-Terrestre,True
GJ 3998 c,Não-Terrestre,Não-Terrestre,True
Kepler-1207 b,Não-Terrestre,Não-Terrestre,True
Kepler-9 d,Não-Terrestre,Não-Terrestre,True
Kepler-727 b,Não-Terrestre,Não-Terrestre,True
Kepler-181 c,Não-Terrestre,Não-Terrestre,True
Kepler-1891 b,Não-Terrestre,Não-Terrestre,True
Kepler-138 b,Não-Terrestre,Não-Terrestre,True
Kepler-983 b,Não-Terrestre,Não-Terrestre,True
Kepler-1380 b,Não-Terrestre,Não-Terrestre,True
Kepler-711 b,Não-Terrestre,Não-Terrestre,True
Kepler-1262 b,Não-Terrestre,Não-Terrestre,True
Kepler-893 b,Não-Terrestre,Não-Terrestre,True
HD 5278 c,Não-Terrestre,Não-Terrestre,True
Kepler-326 d,Não-Terrestre,Não-Terrestre,True
Kepler-662 b,Não-Terrestre,Não-Terrestre,True
Kepler-179 c,Não-Terrestre,Não-Terrestre,True
TOI-813 b,Não-Terrestre,Não-Terrestre,True
HIP 9618 b,Não-Terrestre,Não-Terrestre,True
TOI-5678 b,Terrestre,Terrestre,True
Kepler-1032 b,Não-Terrestre,Não-Terrestre,True
OGLE-TR-113 b,Não-Terrestre,Não-Terrestre,True
Kepler-1894 c,Não-Terrestre,Não-Terrestre,True
Kepler-249 b,Não-Terrestre,Não-Terrestre,True
Kepler-1102 b,Não-Terrestre,Não-Terrestre,True
Kepler-1029 b,Não-Terrestre,Não-Terrestre,True
Kepler-183 b,Não-Terrestre,Não-Terrestre,True
Kepler-371 c,Não-Terrestre,Não-Terrestre,True
GJ 433 b,Terrestre,Terrestre,True
Kepler-1987 e,Não-Terrestre,Não-Terrestre,True
Kepler-1915 b,Não-Terrestre,Não-Terrestre,True
GJ 682 b,Terrestre,Terrestre,True
TOI-763 c,Terrestre,Terrestre,True
HD 102195 b,Não-Terrestre,Não-Terrestre,True
Kepler-1964 b,Não-Terrestre,Não-Terrestre,True
Kepler-1101 b,Não-Terrestre,Não-Terrestre,True
WASP-75 b,Não-Terrestre,Não-Terrestre,True
Kepler-729 b,Não-Terrestre,Não-Terrestre,True
Barnard c,Terrestre,Terrestre,True
LHS 475 b,Não-Terrestre,Não-Terrestre,True
Kepler-226 c,Não-Terrestre,Não-Terrestre,True
Kepler-267 d,Não-Terrestre,Não-Terrestre,True
HD 177565 b,Não-Terrestre,Não-Terrestre,True
WASP-60 b,Não-Terrestre,Não-Terrestre,True
Kepler-705 b,Não-Terrestre,Não-Terrestre,True
Kepler-1080 b,Não-Terrestre,Não-Terrestre,True
Kepler-207 c,Não-Terrestre,Não-Terrestre,True
Kepler-1125 b,Não-Terrestre,Não-Terrestre,True
TOI-700 d,Não-Terrestre,Não-Terrestre,True
Kepler-220 d,Não-Terrestre,Não-Terrestre,True
Kepler-610 b,Não-Terrestre,Não-Terrestre,True
Kepler-383 c,Não-Terrestre,Não-Terrestre,True
Kepler-301 c,Não-Terrestre,Não-Terrestre,True
Kepler-861 b,Não-Terrestre,Não-Terrestre,True
Kepler-193 b,Não-Terrestre,Não-Terrestre,True
Kepler-319 c,Não-Terrestre,Não-Terrestre,True
Kepler-1608 b,Não-Terrestre,Não-Terrestre,True
HD 86226 c,Terrestre,Terrestre,True
TOI-2525 b,Não-Terrestre,Não-Terrestre,True
Kepler-1741 b,Não-Terrestre,Não-Terrestre,True
Kepler-1490 b,Não-Terrestre,Não-Terrestre,True
DMPP-3 A b,Terrestre,Terrestre,True
Kepler-1620 b,Não-Terrestre,Não-Terrestre,True
HAT-P-6 b,Não-Terrestre,Não-Terrestre,True
Kepler-579 b,Não-Terrestre,Não-Terrestre,True
Kepler-249 d,Não-Terrestre,Não-Terrestre,True
Kepler-1042 b,Não-Terrestre,Não-Terrestre,True
TOI-4153 b,Não-Terrestre,Não-Terrestre,True
Kepler-1543 b,Não-Terrestre,Não-Terrestre,True
Kepler-732 b,Não-Terrestre,Não-Terrestre,True
Kepler-1883 b,Não-Terrestre,Não-Terrestre,True
Kepler-871 b,Não-Terrestre,Não-Terrestre,True
GJ 273 b,Terrestre,Terrestre,True
Kepler-6 b,Não-Terrestre,Não-Terrestre,True
TOI-1266 b,Terrestre,Terrestre,True
Kepler-946 b,Não-Terrestre,Não-Terrestre,True
HD 212301 b,Não-Terrestre,Não-Terrestre,True
Kepler-599 b,Não-Terrestre,Não-Terrestre,True
HD 23472 c,Não-Terrestre,Terrestre,False
Kepler-1098 b,Não-Terrestre,Não-Terrestre,True
HD 219134 g,Não-Terrestre,Não-Terrestre,True
Kepler-682 b,Não-Terrestre,Não-Terrestre,True
Kepler-186 b,Não-Terrestre,Não-Terrestre,True
Kepler-850 b,Não-Terrestre,Não-Terrestre,True
Kepler-282 b,Não-Terrestre,Não-Terrestre,True
Kepler-370 b,Não-Terrestre,Não-Terrestre,True
TOI-2196 b,Não-Terrestre,Não-Terrestre,True
CoRoT-25 b,Não-Terrestre,Não-Terrestre,True
K2-4 b,Terrestre,Terrestre,True
TOI-1451 b,Não-Terrestre,Não-Terrestre,True
XO-4 b,Não-Terrestre,Não-Terrestre,True
Kepler-823 b,Não-Terrestre,Não-Terrestre,True
HD 47186 b,Não-Terrestre,Não-Terrestre,True
Kepler-319 d,Não-Terrestre,Não-Terrestre,True
TOI-125 c,Terrestre,Terrestre,True
Kepler-399 b,Não-Terrestre,Não-Terrestre,True
OGLE-TR-182 b,Não-Terrestre,Não-Terrestre,True
LSPM J2116+0234 b,Terrestre,Terrestre,True
GJ 160.2 b,Terrestre,Terrestre,True
Kepler-135 b,Não-Terrestre,Não-Terrestre,True
Kepler-1497 b,Não-Terrestre,Não-Terrestre,True
Kepler-306 b,Não-Terrestre,Não-Terrestre,True
HD 136352 d,Não-Terrestre,Não-Terrestre,True
Kepler-379 b,Não-Terrestre,Não-Terrestre,True
Pr0201 b,Não-Terrestre,Não-Terrestre,True
Kepler-357 b,Não-Terrestre,Não-Terrestre,True
Kepler-242 c,Não-Terrestre,Não-Terrestre,True
Kepler-1231 b,Não-Terrestre,Não-Terrestre,True
K2-229 b,Não-Terrestre,Não-Terrestre,True
Kepler-124 b,Não-Terrestre,Não-Terrestre,True
Kepler-255 b,Não-Terrestre,Não-Terrestre,True
Kepler-770 b,Não-Terrestre,Não-Terrestre,True
Kepler-907 b,Não-Terrestre,Não-Terrestre,True
Kepler-1024 b,Não-Terrestre,Não-Terrestre,True
Kepler-243 b,Não-Terrestre,Não-Terrestre,True
51 Peg b,Não-Terrestre,Não-Terrestre,True
TOI-2000 c,Não-Terrestre,Não-Terrestre,True
Kepler-1565 b,Não-Terrestre,Não-Terrestre,True
Kepler-1645 b,Não-Terrestre,Não-Terrestre,True
GJ 687 b,Terrestre,Terrestre,True
Kepler-1737 b,Não-Terrestre,Não-Terrestre,True
TIC 88785435 b,Terrestre,Terrestre,True
Kepler-194 d,Não-Terrestre,Não-Terrestre,True
Kepler-591 b,Não-Terrestre,Não-Terrestre,True
Kepler-846 b,Não-Terrestre,Não-Terrestre,True
HD 103197 b,Não-Terrestre,Não-Terrestre,True
TOI-669 b,Não-Terrestre,Não-Terrestre,True
Kepler-1789 b,Não-Terrestre,Não-Terrestre,True
HATS-43 b,Não-Terrestre,Não-Terrestre,True
HD 110113 c,Terrestre,Terrestre,True
Kepler-710 b,Não-Terrestre,Não-Terrestre,True
Kepler-304 d,Não-Terrestre,Não-Terrestre,True
HD 192310 b,Terrestre,Terrestre,True
TOI-544 b,Não-Terrestre,Não-Terrestre,True
Kepler-283 c,Não-Terrestre,Não-Terrestre,True
TOI-1759 b,Não-Terrestre,Não-Terrestre,True
Kepler-1254 d,Não-Terrestre,Não-Terrestre,True
Kepler-254 b,Não-Terrestre,Não-Terrestre,True
Kepler-1509 b,Não-Terrestre,Não-Terrestre,True
WASP-54 b,Não-Terrestre,Não-Terrestre,True
Kepler-1038 c,Não-Terrestre,Não-Terrestre,True
Kepler-339 b,Não-Terrestre,Não-Terrestre,True
NGTS-2 b,Não-Terrestre,Não-Terrestre,True
Kepler-679 b,Não-Terrestre,Não-Terrestre,True
Kepler-1136 b,Não-Terrestre,Não-Terrestre,True
Kepler-1553 b,Não-Terrestre,Não-Terrestre,True
XO-2 S b,Não-Terrestre,Não-Terrestre,True
Kepler-83 c,Não-Terrestre,Não-Terrestre,True
Kepler-1202 b,Não-Terrestre,Não-Terrestre,True
Kepler-1745 b,Não-Terrestre,Não-Terrestre,True
Kepler-252 b,Não-Terrestre,Não-Terrestre,True
WASP-90 b,Não-Terrestre,Não-Terrestre,True
Kepler-947 b,Não-Terrestre,Não-Terrestre,True
Kepler-1639 b,Não-Terrestre,Não-Terrestre,True
Kepler-355 b,Não-Terrestre,Não-Terrestre,True
Kepler-215 b,Não-Terrestre,Não-Terrestre,True
Kepler-1314 b,Não-Terrestre,Não-Terrestre,True
Kepler-318 c,Não-Terrestre,Não-Terrestre,True
Kepler-1522 b,Não-Terrestre,Não-Terrestre,True
WASP-160 B b,Não-Terrestre,Não-Terrestre,True
Kepler-268 c,Não-Terrestre,Não-Terrestre,True
Kepler-197 c,Terrestre,Terrestre,True
Kepler-1002 b,Não-Terrestre,Não-Terrestre,True
Kepler-83 b,Não-Terrestre,Não-Terrestre,True
Kepler-761 b,Não-Terrestre,Não-Terrestre,True
TOI-2193 A b,Não-Terrestre,Não-Terrestre,True
GJ 1132 b,Não-Terrestre,Não-Terrestre,True
Kepler-301 d,Não-Terrestre,Não-Terrestre,True
Kepler-1762 b,Não-Terrestre,Não-Terrestre,True
TOI-2328 b,Não-Terrestre,Não-Terrestre,True
Kepler-1251 b,Não-Terrestre,Não-Terrestre,True
Kepler-680 b,Não-Terrestre,Não-Terrestre,True
Kepler-417 b,Não-Terrestre,Não-Terrestre,True
TOI-2134 b,Terrestre,Terrestre,True
Kepler-967 b,Não-Terrestre,Não-Terrestre,True
Kepler-1994 b,Não-Terrestre,Não-Terrestre,True
Kepler-213 b,Não-Terrestre,Não-Terrestre,True
Kepler-251 b,Não-Terrestre,Não-Terrestre,True
Kepler-198 c,Não-Terrestre,Não-Terrestre,True
GJ 436 b,Terrestre,Terrestre,True
WASP-91 b,Não-Terrestre,Não-Terrestre,True
TOI-2207 b,Não-Terrestre,Não-Terrestre,True
WASP-156 b,Não-Terrestre,Não-Terrestre,True
HD 20329 b,Não-Terrestre,Não-Terrestre,True
Kepler-1065 b,Não-Terrestre,Não-Terrestre,True
Kepler-1849 b,Não-Terrestre,Não-Terrestre,True
Kepler-927 b,Não-Terrestre,Não-Terrestre,True
TOI-2567 b,Não-Terrestre,Não-Terrestre,True
Kepler-1157 b,Não-Terrestre,Não-Terrestre,True
TOI-2969 b,Não-Terrestre,Não-Terrestre,True
NGTS-11 b,Não-Terrestre,Não-Terrestre,True
Kepler-1787 b,Não-Terrestre,Não-Terrestre,True
Kepler-84 d,Não-Terrestre,Não-Terrestre,True
GJ 367 b,Terrestre,Terrestre,True
Kepler-275 c,Não-Terrestre,Não-Terrestre,True
WASP-1 b,Não-Terrestre,Não-Terrestre,True
WASP-123 b,Não-Terrestre,Não-Terrestre,True
Kepler-1006 b,Não-Terrestre,Não-Terrestre,True
Kepler-300 b,Não-Terrestre,Não-Terrestre,True
HD 20781 d,Terrestre,Terrestre,True
Kepler-301 b,Não-Terrestre,Não-Terrestre,True
WASP-65 b,Não-Terrestre,Não-Terrestre,True
GJ 581 c,Não-Terrestre,Não-Terrestre,True
Kepler-122 e,Não-Terrestre,Não-Terrestre,True
Kepler-126 c,Terrestre,Terrestre,True
Kepler-341 c,Não-Terrestre,Não-Terrestre,True
Kepler-691 b,Não-Terrestre,Não-Terrestre,True
Kepler-80 b,Não-Terrestre,Não-Terrestre,True
TOI-4137 b,Não-Terrestre,Não-Terrestre,True
Kepler-148 c,Não-Terrestre,Não-Terrestre,True
HIP 67851 b,Não-Terrestre,Não-Terrestre,True
Kepler-1286 b,Não-Terrestre,Não-Terrestre,True
Kepler-273 c,Não-Terrestre,Não-Terrestre,True
Kepler-582 b,Não-Terrestre,Não-Terrestre,True
TOI-712 c,Não-Terrestre,Não-Terrestre,True
Kepler-404 c,Não-Terrestre,Não-Terrestre,True
Kepler-788 b,Não-Terrestre,Não-Terrestre,True
Kepler-163 b,Não-Terrestre,Não-Terrestre,True
Kepler-114 d,Não-Terrestre,Não-Terrestre,True
Kepler-567 b,Não-Terrestre,Não-Terrestre,True
TOI-1269 b,Não-Terrestre,Não-Terrestre,True
Kepler-1113 b,Não-Terrestre,Não-Terrestre,True
Kepler-1511 b,Não-Terrestre,Não-Terrestre,True
Kepler-1031 b,Não-Terrestre,Não-Terrestre,True
K2-17 b,Terrestre,Terrestre,True
GJ 3998 b,Não-Terrestre,Não-Terrestre,True
Kepler-400 c,Não-Terrestre,Não-Terrestre,True
HD 5278 b,Terrestre,Terrestre,True
Kepler-1751 b,Não-Terrestre,Não-Terrestre,True
Kepler-415 b,Não-Terrestre,Não-Terrestre,True
Kepler-1649 b,Não-Terrestre,Não-Terrestre,True
Kepler-516 b,Não-Terrestre,Não-Terrestre,True
Kepler-996 b,Não-Terrestre,Não-Terrestre,True
Kepler-124 d,Não-Terrestre,Não-Terrestre,True
Kepler-683 b,Não-Terrestre,Não-Terrestre,True
Kepler-19 c,Terrestre,Terrestre,True
Kepler-172 e,Não-Terrestre,Não-Terrestre,True
GJ 486 b,Não-Terrestre,Não-Terrestre,True
Kepler-1987 c,Não-Terrestre,Não-Terrestre,True
HIP 5763 b,Não-Terrestre,Não-Terrestre,True
Kepler-1887 b,Não-Terrestre,Não-Terrestre,True
KELT-23 A b,Não-Terrestre,Não-Terrestre,True
Kepler-1954 b,Não-Terrestre,Não-Terrestre,True
Kepler-505 b,Não-Terrestre,Não-Terrestre,True
Kepler-244 b,Não-Terrestre,Não-Terrestre,True
Kepler-1723 b,Não-Terrestre,Não-Terrestre,True
Kepler-247 b,Não-Terrestre,Não-Terrestre,True
Kepler-790 b,Não-Terrestre,Não-Terrestre,True
Kepler-1627 b,Não-Terrestre,Não-Terrestre,True
Kepler-186 e,Não-Terrestre,Não-Terrestre,True
Kepler-1171 b,Não-Terrestre,Não-Terrestre,True
Kepler-1275 b,Não-Terrestre,Não-Terrestre,True
Kepler-1115 b,Não-Terrestre,Não-Terrestre,True
Kepler-255 c,Não-Terrestre,Não-Terrestre,True
Kepler-765 b,Não-Terrestre,Não-Terrestre,True
TOI-216.01,Não-Terrestre,Não-Terrestre,True
TOI-4010 c,Não-Terrestre,Não-Terrestre,True
HAT-P-9 b,Não-Terrestre,Não-Terrestre,True
Kepler-349 b,Não-Terrestre,Não-Terrestre,True
Kepler-254 d,Não-Terrestre,Não-Terrestre,True
Kepler-1283 b,Não-Terrestre,Não-Terrestre,True
TOI-3785 b,Terrestre,Terrestre,True
Kepler-1926 b,Não-Terrestre,Não-Terrestre,True
HD 219134 b,Não-Terrestre,Não-Terrestre,True
Kepler-49 b,Não-Terrestre,Não-Terrestre,True
Kepler-612 b,Não-Terrestre,Não-Terrestre,True
